"","item","price"
"1","-파편-말리3차-학셋(학가+학모)-옐배-중1팜","20,000원"
"2","파편팜","19,500원"
"3","-파편-말리3차-학셋(학가+학모)-옐배-중1팜","20,000원"
"4","-파편-말리3차-학셋(학가+학모)-옐배-중1팜","20,000원"
"5","-파편-말리3차-학셋(학가+학모)-옐배-중1팜","20,000원"
"6","-파편-말리3차-학셋(학가+학모)-옐배-중1팜","20,000원"
"7","==========파편팝니다","19,500원"
"8","파편/학셋(학모+학가)中1개팜","19,500원"
"9","[1개~2개]파편+발불팝니다","33,000원"
"10","[1개~2개]파편+미오깃팝니다","34,000원"
"11","[1개~2개]파편+파법팝니다","38,000원"
"12","[1개~2개]파편팝니다","20,000원"
"13","파편급쳐팜","19,500원"
"14","파편팜","17,100원"
"15","말리3차/파편中1개팜","20,000원"
"16","[1개~2개]<U+25D8>파편(거울파편)팝니다","29,500원"
"17","[1개~2개]★파편(거울파편)팝니다","19,900원"
"18","-파편-말리3차펫-옐배-중1팜","20,000원"
"19","한배셋+파편+1400팜","76,000원"
"20","정품!!★블스★팔아요","89,000원"
"21","메달깃+300팝니다","40,000원"
"22","칼다이님파편+매냐1장+d풍+해띠로가설id사요","10,000원"
